CallID,RepID,PhysicianID,CallDate,Status
CALL000001,REP001,PHY0003,2026-06-24,Completed
CALL000002,REP001,PHY0003,2026-06-18,Completed
CALL000003,REP001,PHY0003,2026-06-13,No Show
CALL000004,REP001,PHY0006,2026-06-14,Completed
CALL000005,REP001,PHY0006,2026-06-05,Completed
CALL000006,REP001,PHY0005,2026-06-21,Completed
CALL000007,REP001,PHY0005,2026-06-12,Completed
CALL000008,REP001,PHY0005,2026-06-20,Completed
CALL000009,REP001,PHY0002,2026-06-22,Completed
CALL000010,REP001,PHY0002,2026-06-13,Completed
CALL000011,REP001,PHY0002,2026-06-01,Completed
CALL000012,REP001,PHY0002,2026-06-21,Completed
CALL000013,REP001,PHY0002,2026-06-26,Completed
CALL000014,REP001,PHY0007,2026-06-26,Completed
CALL000015,REP001,PHY0007,2026-06-07,Completed
CALL000016,REP001,PHY0007,2026-06-10,Completed
CALL000017,REP002,PHY0010,2026-06-09,Completed
CALL000018,REP002,PHY0011,2026-06-28,Completed
CALL000019,REP002,PHY0011,2026-06-13,Completed
CALL000020,REP002,PHY0011,2026-06-22,Completed
CALL000021,REP002,PHY0008,2026-06-23,Completed
CALL000022,REP002,PHY0012,2026-06-26,Completed
CALL000023,REP002,PHY0012,2026-06-28,No Show
CALL000024,REP002,PHY0012,2026-06-06,Completed
CALL000025,REP003,PHY0016,2026-06-15,Completed
CALL000026,REP003,PHY0016,2026-06-16,Completed
CALL000027,REP003,PHY0016,2026-06-10,Completed
CALL000028,REP003,PHY0019,2026-06-16,Completed
CALL000029,REP003,PHY0019,2026-06-06,No Show
CALL000030,REP003,PHY0019,2026-06-29,Completed
CALL000031,REP003,PHY0018,2026-06-09,Completed
CALL000032,REP003,PHY0018,2026-06-25,Completed
CALL000033,REP003,PHY0018,2026-06-27,No Show
CALL000034,REP003,PHY0018,2026-06-03,Completed
CALL000035,REP003,PHY0018,2026-06-22,Completed
CALL000036,REP003,PHY0017,2026-06-14,Completed
CALL000037,REP003,PHY0017,2026-06-17,Completed
CALL000038,REP003,PHY0017,2026-06-20,Completed
CALL000039,REP003,PHY0013,2026-06-10,Completed
CALL000040,REP003,PHY0013,2026-06-11,Completed
CALL000041,REP003,PHY0013,2026-06-27,Completed
CALL000042,REP005,PHY0030,2026-06-02,No Show
CALL000043,REP005,PHY0030,2026-06-16,Completed
CALL000044,REP005,PHY0030,2026-06-15,Completed
CALL000045,REP005,PHY0029,2026-06-22,Completed
CALL000046,REP005,PHY0029,2026-06-06,Completed
CALL000047,REP005,PHY0029,2026-06-23,Completed
CALL000048,REP005,PHY0027,2026-06-03,Completed
CALL000049,REP005,PHY0027,2026-06-30,Completed
CALL000050,REP005,PHY0027,2026-06-17,Completed
CALL000051,REP005,PHY0031,2026-06-19,Completed
CALL000052,REP005,PHY0031,2026-06-05,Completed
CALL000053,REP005,PHY0031,2026-06-11,No Show
CALL000054,REP005,PHY0031,2026-06-06,Completed
CALL000055,REP006,PHY0036,2026-06-01,Completed
CALL000056,REP006,PHY0036,2026-06-24,Completed
CALL000057,REP006,PHY0036,2026-06-27,Completed
CALL000058,REP006,PHY0036,2026-06-17,Completed
CALL000059,REP006,PHY0037,2026-06-20,Completed
CALL000060,REP006,PHY0037,2026-06-14,Completed
CALL000061,REP006,PHY0037,2026-06-18,Completed
CALL000062,REP006,PHY0037,2026-06-02,Completed
CALL000063,REP006,PHY0034,2026-06-20,Completed
CALL000064,REP006,PHY0035,2026-06-25,Completed
CALL000065,REP007,PHY0040,2026-06-04,Completed
CALL000066,REP007,PHY0042,2026-06-25,Completed
CALL000067,REP007,PHY0042,2026-06-14,Completed
CALL000068,REP007,PHY0042,2026-06-18,Completed
CALL000069,REP007,PHY0042,2026-06-03,Completed
CALL000070,REP007,PHY0038,2026-06-30,Completed
CALL000071,REP007,PHY0041,2026-06-14,Completed
CALL000072,REP007,PHY0041,2026-06-19,Completed
CALL000073,REP008,PHY0044,2026-06-29,Completed
CALL000074,REP008,PHY0044,2026-06-27,Completed
CALL000075,REP008,PHY0044,2026-06-02,Completed
CALL000076,REP008,PHY0044,2026-06-25,Completed
CALL000077,REP008,PHY0044,2026-06-16,Completed
CALL000078,REP008,PHY0043,2026-06-20,Completed
CALL000079,REP008,PHY0043,2026-06-18,Completed
CALL000080,REP008,PHY0043,2026-06-10,Completed
CALL000081,REP008,PHY0049,2026-06-12,Completed
CALL000082,REP008,PHY0049,2026-06-15,Completed
CALL000083,REP008,PHY0048,2026-06-18,Completed
CALL000084,REP008,PHY0048,2026-06-23,No Show
CALL000085,REP008,PHY0045,2026-06-01,Completed
CALL000086,REP010,PHY0058,2026-06-29,No Show
CALL000087,REP010,PHY0058,2026-06-01,Completed
CALL000088,REP010,PHY0058,2026-06-26,Completed
CALL000089,REP010,PHY0057,2026-06-14,Completed
CALL000090,REP010,PHY0057,2026-06-19,Completed
CALL000091,REP010,PHY0057,2026-06-20,Completed
CALL000092,REP010,PHY0057,2026-06-05,Completed
CALL000093,REP010,PHY0061,2026-06-19,No Show
CALL000094,REP010,PHY0061,2026-06-21,Completed
CALL000095,REP010,PHY0061,2026-06-19,Completed
CALL000096,REP010,PHY0062,2026-06-30,Completed
CALL000097,REP010,PHY0062,2026-06-27,Completed
CALL000098,REP010,PHY0062,2026-06-07,Completed
CALL000099,REP010,PHY0060,2026-06-22,Completed
CALL000100,REP010,PHY0060,2026-06-08,Completed
CALL000101,REP010,PHY0059,2026-06-27,Completed
CALL000102,REP010,PHY0059,2026-06-20,Completed
CALL000103,REP011,PHY0065,2026-06-16,Completed
CALL000104,REP011,PHY0065,2026-06-19,Completed
CALL000105,REP011,PHY0065,2026-06-09,Completed
CALL000106,REP011,PHY0065,2026-06-12,Completed
CALL000107,REP011,PHY0071,2026-06-18,Completed
CALL000108,REP011,PHY0071,2026-06-20,Completed
CALL000109,REP011,PHY0068,2026-06-03,Completed
CALL000110,REP011,PHY0068,2026-06-25,Completed
CALL000111,REP011,PHY0068,2026-06-09,Completed
CALL000112,REP011,PHY0068,2026-06-06,Completed
CALL000113,REP011,PHY0069,2026-06-09,Completed
CALL000114,REP011,PHY0069,2026-06-03,Completed
CALL000115,REP012,PHY0072,2026-06-10,Completed
CALL000116,REP012,PHY0072,2026-06-22,Completed
CALL000117,REP012,PHY0072,2026-06-02,Completed
CALL000118,REP012,PHY0074,2026-06-03,Completed
CALL000119,REP012,PHY0076,2026-06-12,Completed
CALL000120,REP012,PHY0076,2026-06-08,Completed
CALL000121,REP012,PHY0076,2026-06-23,Completed
CALL000122,REP012,PHY0076,2026-06-11,Completed
CALL000123,REP012,PHY0075,2026-06-30,Completed
CALL000124,REP012,PHY0075,2026-06-13,Completed
CALL000125,REP012,PHY0075,2026-06-30,Completed
CALL000126,REP012,PHY0075,2026-06-11,Completed
CALL000127,REP012,PHY0075,2026-06-30,Completed
CALL000128,REP013,PHY0079,2026-06-20,Completed
CALL000129,REP013,PHY0079,2026-06-01,Completed
CALL000130,REP013,PHY0079,2026-06-30,Completed
CALL000131,REP013,PHY0083,2026-06-26,Completed
CALL000132,REP013,PHY0083,2026-06-28,Completed
CALL000133,REP013,PHY0083,2026-06-17,Completed
CALL000134,REP013,PHY0082,2026-06-13,Completed
CALL000135,REP013,PHY0082,2026-06-04,Completed
CALL000136,REP013,PHY0082,2026-06-02,Completed
CALL000137,REP013,PHY0081,2026-06-29,Completed
CALL000138,REP013,PHY0081,2026-06-25,Completed
CALL000139,REP013,PHY0084,2026-06-27,No Show
CALL000140,REP013,PHY0084,2026-06-26,No Show
CALL000141,REP013,PHY0084,2026-06-02,Completed
CALL000142,REP014,PHY0088,2026-06-22,Completed
CALL000143,REP014,PHY0088,2026-06-11,Completed
CALL000144,REP014,PHY0088,2026-06-23,Completed
CALL000145,REP014,PHY0085,2026-06-24,Completed
CALL000146,REP014,PHY0085,2026-06-11,Completed
CALL000147,REP014,PHY0089,2026-06-01,Completed
CALL000148,REP014,PHY0089,2026-06-26,Completed
CALL000149,REP014,PHY0087,2026-06-03,Completed
CALL000150,REP014,PHY0087,2026-06-26,Completed
CALL000151,REP014,PHY0091,2026-06-19,Completed
CALL000152,REP014,PHY0091,2026-06-26,Completed
CALL000153,REP014,PHY0091,2026-06-14,Completed
CALL000154,REP015,PHY0096,2026-06-11,Completed
CALL000155,REP015,PHY0092,2026-06-20,Completed
CALL000156,REP015,PHY0092,2026-06-13,No Show
CALL000157,REP015,PHY0092,2026-06-30,Completed
CALL000158,REP015,PHY0092,2026-06-09,Completed
CALL000159,REP015,PHY0093,2026-06-19,Completed
CALL000160,REP015,PHY0093,2026-06-15,Completed
CALL000161,REP015,PHY0093,2026-06-02,Completed
CALL000162,REP015,PHY0094,2026-06-14,Completed
CALL000163,REP015,PHY0094,2026-06-20,Completed
CALL000164,REP016,PHY0098,2026-06-29,Completed
CALL000165,REP016,PHY0098,2026-06-21,Completed
CALL000166,REP016,PHY0098,2026-06-10,Completed
CALL000167,REP016,PHY0100,2026-06-16,Completed
CALL000168,REP016,PHY0100,2026-06-19,Completed
CALL000169,REP016,PHY0100,2026-06-26,Completed
CALL000170,REP016,PHY0100,2026-06-16,Completed
CALL000171,REP016,PHY0102,2026-06-24,Completed
CALL000172,REP016,PHY0102,2026-06-28,Completed
CALL000173,REP016,PHY0102,2026-06-14,Completed
CALL000174,REP016,PHY0102,2026-06-20,No Show
CALL000175,REP016,PHY0102,2026-06-20,Completed
